-- phpMyAdmin SQL Dump
-- version 4.9.7
-- https://www.phpmyadmin.net/
--
-- Hôte : localhost:8889
-- Généré le : jeu. 04 fév. 2021 à 20:34
-- Version du serveur :  5.7.32
-- Version de PHP : 7.4.12

SET SQL_MODE = "NO_AUTO_VALUE_ON_ZERO";
SET time_zone = "+00:00";


/*!40101 SET @OLD_CHARACTER_SET_CLIENT=@@CHARACTER_SET_CLIENT */;
/*!40101 SET @OLD_CHARACTER_SET_RESULTS=@@CHARACTER_SET_RESULTS */;
/*!40101 SET @OLD_COLLATION_CONNECTION=@@COLLATION_CONNECTION */;
/*!40101 SET NAMES utf8mb4 */;

--
-- Base de données : `Alimentation`
--

-- --------------------------------------------------------

--
-- Structure de la table `customer`
--

CREATE TABLE `customer` (
  `id` int(11) NOT NULL,
  `firstname` varchar(255) NOT NULL,
  `lastname` varchar(255) NOT NULL,
  `birthday` varchar(255) NOT NULL,
  `email` varchar(255) NOT NULL,
  `street` varchar(255) NOT NULL,
  `zip` int(11) NOT NULL,
  `city` varchar(255) NOT NULL,
  `password` varchar(255) NOT NULL,
  `dateCreation` date NOT NULL,
  `username` varchar(255) NOT NULL,
  `avatar` varchar(255) NOT NULL,
  `foodies` int(11) NOT NULL
) ENGINE=InnoDB DEFAULT CHARSET=utf8;

--
-- Déchargement des données de la table `customer`
--

INSERT INTO `customer` (`id`, `firstname`, `lastname`, `birthday`, `email`, `street`, `zip`, `city`, `password`, `dateCreation`, `username`, `avatar`, `foodies`) VALUES
(1, 'Seb', 'Flouvat', '1983-05-30', 'SFlouvat@coding.fr', '1 rue Alexander Flemming', 93360, 'Neuilly-Plaisance', '$2y$10$FAp8ZI4uQcQMAioPPoy8G.9SI30DjTd9FctqUVG8zXJmn4ijAyV/2', '2021-02-04', 'SFlouvat', '_assets/image/avatar/default.jpg', 10),
(2, 'Morade', 'Chamlal', '1982-05-04', 'MChamlal@coding.fr', '1 rue Alexander Flemming', 93360, 'Neuilly-Plaisance', '$2y$10$yjtxuQyUpddHIDvi7aAu2e5wZaPXqmT7gzmmbp96YK5wQcEGtXiUK', '2021-02-04', 'MChemlal', '_assets/image/avatar/default.jpg', 10),
(3, 'Paul', 'Marechal', '1992-06-17', 'PMarechal@coding.fr', '1 rue Alexander Flemming', 93360, 'Neuilly-Plaisance', '$2y$10$S5JapNnFFJ9gVwcYoeG3rOidjxNkT9OIbJG3IqWbyHSG2tVJVe0XO', '2021-02-04', 'PMarechal', '_assets/image/avatar/default.jpg', 10),
(4, 'Fabien', 'Siegele', '1979-10-19', 'FSiegele@coding.fr', '1 rue Alexander Flemming', 93360, 'Neuilly-Plaisance', '$2y$10$lSQuImK4Pd82vnZZhNV5zeCbkZ2911duNBXkkXzvsugzHCbgaiME6', '2021-02-04', 'FSiegele', '_assets/image/avatar/default.jpg', 10),
(5, 'Yoann', 'Pariset', '1998-10-12', 'YPariset@coding.fr', '1 rue Alexander Flemming', 93360, 'Neuilly-Plaisance', '$2y$10$/PYlIBf3BsWHj935va.MhuXYT4pdzXovI/lkN3zExKb.VJr37wlC.', '2021-02-04', 'YPariset', '_assets/image/avatar/1612451391.png', 80);

-- --------------------------------------------------------

--
-- Structure de la table `discount`
--

CREATE TABLE `discount` (
  `id` int(11) NOT NULL,
  `name` varchar(255) NOT NULL,
  `start_date` date NOT NULL,
  `end_date` date NOT NULL,
  `id_customer` int(11) NOT NULL,
  `amount` int(11) NOT NULL
) ENGINE=InnoDB DEFAULT CHARSET=utf8;

--
-- Déchargement des données de la table `discount`
--

INSERT INTO `discount` (`id`, `name`, `start_date`, `end_date`, `id_customer`, `amount`) VALUES
(1, 'Benoit2020', '2020-10-26', '2021-01-26', 1, 2500),
(2, 'Benoit2020', '2020-10-26', '2021-01-26', 2, 2500),
(3, 'Benoit2020', '2020-10-26', '2021-01-26', 3, 2500),
(4, 'Benoit2020', '2020-10-26', '2021-01-26', 4, 2500),
(6, 'Discount21', '2020-10-26', '2021-01-26', 1, -5),
(7, 'Discount21', '2020-10-26', '2021-01-26', 2, -5),
(8, 'Discount21', '2020-10-26', '2021-01-26', 3, -5),
(9, 'Discount21', '2020-10-26', '2021-01-26', 4, -5),
(10, 'Discount21', '2020-10-26', '2021-01-26', 5, -5);

-- --------------------------------------------------------

--
-- Structure de la table `dishes`
--

CREATE TABLE `dishes` (
  `id` int(11) NOT NULL,
  `name` varchar(255) NOT NULL,
  `id_restaurant` int(11) NOT NULL,
  `description` text NOT NULL,
  `dish_category` varchar(255) NOT NULL,
  `food_category` varchar(255) NOT NULL,
  `price` float NOT NULL,
  `img` varchar(255) NOT NULL,
  `cal` int(11) NOT NULL
) ENGINE=InnoDB DEFAULT CHARSET=utf8;

--
-- Déchargement des données de la table `dishes`
--

INSERT INTO `dishes` (`id`, `name`, `id_restaurant`, `description`, `dish_category`, `food_category`, `price`, `img`, `cal`) VALUES
(1, 'Salade de pates', 37, 'Salade avec produit et Feta  importé de Grèce.', 'Salade', 'Vegan', 12.5, './_assets/image/dishes/salade_feta_2.jpg', 433),
(2, 'Houmous revisité', 55, 'Houmous aux purée  poivrons rouges, olives noires, huile d\'olive de Grèce.', 'Salade', 'Vegan', 8.2, './_assets/image/dishes/Houmous_poivronsrouges2.jpg', 256),
(3, 'Pâtes a la mozzarella ', 21, 'Pâtes au blé équitable avec des ingrédients bio', 'Pastas', 'Organic', 19.7, './_assets/image/dishes/pates_mozza_jambon2.jpg', 350),
(4, 'Pizza 4 saisons', 43, 'Pizza cuite par notre pizzaiolo Italien. Les produits sont tous d\'origine Italienne et bio. ', 'Pizza', 'Organic', 17.5, './_assets/image/dishes/pizza_legumes_bio2.jpg', 862),
(5, 'Pizza factory ', 8, 'Pizza avec le plus d\'ingrédients au monde. Non remboursable en cas de probleme', 'Pizza', 'Fast', 900, './_assets/image/dishes/pizza_factory2.jpg', 2500),
(6, 'Pizza Vandamme', 10, 'LES DÉSIQUILIBRÉS : Selon les statistiques, il y a une personne sur cinq qui est déséquilibrée.\r\n', 'Pizza', 'Fast', 3.5, './_assets/image/dishes/pizza_vandamme2.jpg', 1200),
(7, 'Panacota cerises', 2, 'Panacota avec lait bio, des cerises importé d\'Italie trempées dans du Limoncelo AOC. ', 'Pastas', 'Traditionnel', 9.8, './_assets/image/dishes/panacota_cerises2.jpg', 128),
(8, 'Brioche au chocolat', 22, 'Specialitée du Sud de l\'Italie avec que des ingrédients issues du commerce équitable.', 'Dessert', 'Traditionnel', 10.9, './_assets/image/dishes/brioche_coulis_chocolat2.jpg', 230),
(9, 'Paella ', 5, 'Paella au riz AOC et aux légumes Bio.', 'Spécialités', 'Vegan', 16.4, './_assets/image/dishes/paella_legumes2.jpg', 600),
(10, 'Pélardon rôti au miel', 34, 'Fromage de chèvre rôti au miel de lavande, accompagné d\'une salade mélangée.', 'Specialités', 'Traditionnel', 8.5, './_assets/image/dishes/pelardon.jpg', 110),
(11, 'Soupe à l\'oignon', 8, 'Soupe à l\'oignon grâtinée recette à l\'ancienne', 'Specialités', 'Gastronomic', 6.2, './_assets/image/dishes/soupe.jpg', 95),
(12, 'Foie gras de canard', 53, 'Tranche de foie gras de canard du sud ouest et sa compotée d\'oignon rouge.', 'Specialités', 'Gastronomic', 12.45, './_assets/image/dishes/foie.jpg', 685),
(13, 'Paté de campagbne', 19, 'Paté de campagne maison aux girolles', 'Specialités', 'Gastronomic', 7.2, './_assets/image/dishes/pate.jpg', 220),
(14, 'Asperges Verte', 42, 'Botte d\'asperges vertes accompagnée d\'une sauce légère hollandaise.', 'Specialités', 'Organic', 5.87, './_assets/image/dishes/asperges.jpg', 100),
(15, 'Salade nicoise', 4, 'Salade nicoise avec des produits bio du sud', 'Specialités', 'Gastronomic', 6.87, './_assets/image/dishes/nicoise.jpg', 230),
(16, 'Soufflé au comté', 6, 'Soufflé au fromage', 'Specialités', 'Gastronomic', 6.87, './_assets/image/dishes/souffle.jpg', 90),
(17, 'Tacos ', 9, '', 'Tacos', 'Gastronomic', 6.75, './_assets/image/dishes/tacos.jpg', 646),
(18, 'Assortiment de tapas', 10, 'assortiment de tapas salés et sucrés', 'Specialités', 'Vegan', 12.4, './_assets/image/dishes/tapas.jpg', 650),
(19, 'Magret de canard', 19, 'Magret du sud ouest roti aux herbes, accompagné d\'une truffade et d\'un melange de salade', 'Meat', 'Traditionnel', 11.89, './_assets/image/dishes/magret.jpg', 480),
(20, 'Saucisse de toulouse', 23, 'Saucisse de toulouse  maison lascours, aligot de l\'Aubrac', 'Meat', 'Traditionnel', 4.89, './_assets/image/dishes/toulouse.jpg', 340),
(21, 'Blanquette de veau', 14, 'Blanquette de veau, légumes nouveaux bio', 'Meat', 'Organic', 10.69, './_assets/image/dishes/blanquette.jpg', 440),
(22, 'Hamburgé', 46, 'Hamburgé pain maison et produits bio', 'Specialités', 'Organic', 10.8, './_assets/image/dishes/hamburge.jpg', 800),
(23, 'Framboise curd', 42, 'Dessert à base de framboise relevé à l\'essence de fleur de sureau', 'Meat', 'Traditional', 5.86, './_assets/image/dishes/framboise.jpg', 70),
(24, 'Financier', 18, 'Patisserie à base d\'amande, noix de pécan et sirop d\'érable', 'Dessert', 'Fast', 4.56, './_assets/image/dishes/financier.jpg', 95),
(25, 'Mille feuille', 10, 'Quid quid possit quid Quod efficere deinde possis eius alterum excellas non possis Quod .', 'Dessert', 'Vegan', 5.65, './_assets/image/dishes/millefeuille.jpg', 120),
(26, 'Paris-New-york', 9, 'Quid quid possit quid Quod efficere deinde possis eius alterum excellas non possis Quod .', 'Dessert', 'Vegan', 8.54, './_assets/image/dishes/parisbrest.jpg', 330),
(27, 'Tarte au citron', 28, 'Quid quid possit quid Quod efficere deinde possis eius alterum excellas non possis Quod Non quantum quantum tu efficere quantum adiuves', 'Dessert', 'Traditional', 5.75, './_assets/image/dishes/citron.jpg', 249),
(28, 'Tacos', 21, 'Quid quid possit quid Quod efficere deinde possis eius alterum excellas non possis Quod Non quantum quantum tu ', 'Tacos', 'Fast', 7.87, './_assets/image/dishes/tacos.jpg', 870),
(29, 'Lasagnes au tofu', 3, 'Lasagnes sans viande ', 'salade', 'Organic', 3, './_assets/image/dishes/lasagnes.jpg', 640),
(30, 'Chili sin carne', 10, 'Chili con carne sans viande', 'spécialité', 'Organic', 5, './_assets/image/dishes/chili-con-carne.jpg', 770),
(33, 'Assortiment de charcuteries du terroir Italien', 9, 'Pancetta fumé, Jambon de Parme, Mortadelle, Bresaola, Speck ', 'Specialités', 'Meat', 9, './_assets/image/dishes/charcuterie.jpg', 450),
(34, 'Assortiment de fromages de la Botte', 10, 'Gorgonzola, Parmigiano Reggiano, Pecorino, Asiago, Caciocavallo', 'Specialités', 'Traditionnel', 9, './_assets/image/dishes/fromages.jpg', 230),
(35, 'Burrata crémeuse', 11, 'Burrata crémeuse, trilogie de tomates multicolores et huile d’olive grand cru', 'Specialités', 'Organic', 9, './_assets/image/dishes/burrata.jpg', 200),
(36, 'Gorgonzola crémeuse', 12, 'Gorgonzola crémeuse, chips de pancetta et poires rôties', 'Specialités', 'Vegan', 9, './_assets/image/dishes/gorgonzola.jpg', 180),
(37, 'Légumes de saison', 13, 'Légumes de saison en différentes textures, en fonction des arrivages du marché \r\n', 'Specialités', 'Vegan', 12, './_assets/image/dishes/legumes.jpg', 60),
(38, 'Bruschettas gorgonzola', 14, 'Gorgonzola crémeuse, noisettes grillées et pommes en l’air', 'Specialités', 'Fast', 9, './_assets/image/dishes/bruscGorgo.jpg', 380),
(39, 'Bruschettas porc noir', 15, 'Poitrine de porc noir croustillante et oignons confits', 'Meat', 'Fast', 9, '', 350),
(40, 'Bruschettas burrata', 16, 'Véritable crème de Burrata des Pouilles, tomates cerise multicolores et basilic', 'Specialités', 'Fast', 9, './_assets/image/dishes/bruscMozza.jpg', 360),
(43, 'Mafalde aux truffes', 16, 'Mafalde aux truffes et girolles, crème de parmesan ', 'Pastas', 'Gastronomic', 21, './_assets/image/dishes/mafalde.jpg', 440),
(44, 'Gnocchi au fromages Italiens', 17, 'Gnocchi au gorgonzola et jambon de parme en plusieurs textures ', 'Pastas', 'Traditionnel', 17, './_assets/image/dishes/gnocchi.jpg', 500),
(45, 'Spaghetti, pécorino & cèpes', 18, 'Tout est dans le nom ', 'Pastas', 'Traditionnel', 16, './_assets/image/dishes/spaghetti.jpg', 740),
(46, 'Conchiglionis ricotta', 19, 'Conchiglionis ricotta, parmigiano reggiano et épinards', 'Pastas', 'Traditionnel', 16, './_assets/image/dishes/conchiglioni.jpg', 540),
(47, 'Côtelettes d’agneau grillé', 20, 'Crémeux de chou-fleur, côtelettes d’agneau grillé, gastrique au cassis', 'Meat', 'Gastronomic', 31, './_assets/image/dishes/agneau.jpg', 230),
(48, 'Tartare de veau', 22, 'Tartare de veau, asperges vertes et palourdes', 'Meat', 'Gastronomic', 22, './_assets/image/dishes/veau.jpg', 330),
(49, 'Filet de bœuf grillé', 24, 'Filet de bœuf grillé d\'Aubrac, risotto de panais, pesto d’orties', 'Meat', 'Gastronomic', 31, './_assets/image/dishes/boeuf.jpg', 460),
(50, 'Tataki de bœuf', 25, 'Tatin d’échalotes au tataki de bœuf', 'Meat', 'Gastronomic', 29, './_assets/image/dishes/tataki.jpg', 450),
(51, 'Pousses d\'épinards', 41, 'Salade de pousses d\'épinards agrémentée de morceaux de brie, de pommes, cranberries, noix, et pavot', 'Salade', 'Fast', 8, './_assets/image/dishes/epinard.jpg', 210),
(52, 'Poké Bowl saumon', 43, 'Poké Bowl au saumon, riz vinaigré, lamelles d\'avocats, carottes, concombre, radis, chou rouge, herbes fraîches et graines de sésame', 'Salade', 'Vegan', 9, './_assets/image/dishes/poke.jpg', 540),
(53, 'Healthy Bowl', 44, 'Healthy Bowl : Avocat, quinoa, tomate, concombre, chou rouge, petits pois, radis', 'Salade', 'Vegan', 9, './_assets/image/dishes/healthy.jpg', 230),
(54, 'Pizza Vegetarienne', 46, 'Legumes de saison', 'Pizza', 'Vegan', 9, './_assets/image/dishes/vegetarienne.jpg', 960),
(55, 'Pizza Parma', 52, 'Pizza au jambon de parme', 'Pizza', 'Fast', 9, './_assets/image/dishes/parma.jpg', 1000),
(56, 'Pizza Thon', 48, 'Tout est dans le titre', 'Pizza', 'Traditionnel', 9, './_assets/image/dishes/thon.jpg', 920);

-- --------------------------------------------------------

--
-- Structure de la table `dish_category`
--

CREATE TABLE `dish_category` (
  `id` int(11) NOT NULL,
  `name` varchar(255) NOT NULL,
  `Spécialitée` varchar(255) NOT NULL
) ENGINE=InnoDB DEFAULT CHARSET=utf8;

--
-- Déchargement des données de la table `dish_category`
--

INSERT INTO `dish_category` (`id`, `name`, `Spécialitée`) VALUES
(1, 'meat', ''),
(2, 'Fish', ''),
(3, 'Sandwich', ''),
(4, 'Pizza', ''),
(5, 'Tacos', ''),
(6, 'Pastas', ''),
(7, 'Vegetables', ''),
(8, 'SeaFood', ''),
(9, 'Fruits', ''),
(10, 'Salade', ''),
(11, 'Dessert', '');

-- --------------------------------------------------------

--
-- Structure de la table `food_category`
--

CREATE TABLE `food_category` (
  `id` int(11) NOT NULL,
  `name` varchar(255) NOT NULL
) ENGINE=InnoDB DEFAULT CHARSET=utf8;

--
-- Déchargement des données de la table `food_category`
--

INSERT INTO `food_category` (`id`, `name`) VALUES
(1, 'Traditional'),
(2, 'Organic'),
(3, 'Vegan'),
(4, 'Gastronomic'),
(5, 'Raw food'),
(6, 'Fast');

-- --------------------------------------------------------

--
-- Structure de la table `message`
--

CREATE TABLE `message` (
  `id` int(11) NOT NULL,
  `id_client` int(11) NOT NULL,
  `email` varchar(255) NOT NULL,
  `content_msg` text NOT NULL,
  `date_msg` date NOT NULL,
  `subject` varchar(255) NOT NULL
) ENGINE=InnoDB DEFAULT CHARSET=utf8;

-- --------------------------------------------------------

--
-- Structure de la table `orders`
--

CREATE TABLE `orders` (
  `id` int(11) NOT NULL,
  `id_customer` int(11) NOT NULL,
  `total_price` float NOT NULL,
  `date_order` varchar(255) NOT NULL,
  `number` varchar(255) NOT NULL
) ENGINE=InnoDB DEFAULT CHARSET=utf8;

--
-- Déchargement des données de la table `orders`
--

INSERT INTO `orders` (`id`, `id_customer`, `total_price`, `date_order`, `number`) VALUES
(97, 5, 19.7, '2021/02/04', 'REFPAR4447'),
(98, 5, 2507.2, '2021/02/04', 'REFPAR9285'),
(99, 5, 17.5, '2021/02/04', 'REFPAR8339');

-- --------------------------------------------------------

--
-- Structure de la table `order_item`
--

CREATE TABLE `order_item` (
  `id` int(11) NOT NULL,
  `order_id` int(11) NOT NULL,
  `item_quantity` int(11) NOT NULL,
  `item_price` int(11) NOT NULL,
  `dish_id` int(11) NOT NULL
) ENGINE=InnoDB DEFAULT CHARSET=utf8;

--
-- Déchargement des données de la table `order_item`
--

INSERT INTO `order_item` (`id`, `order_id`, `item_quantity`, `item_price`, `dish_id`) VALUES
(1, 1, 1, 13, 1),
(89, 76, 1, 6, 25),
(90, 77, 2, 6, 23),
(91, 78, 1, 11, 22),
(92, 79, 3, 6, 14),
(93, 80, 1, 11, 22),
(94, 93, 2, 22, 48),
(95, 94, 2, 6, 14),
(96, 95, 2, 6, 14),
(97, 96, 2, 9, 10),
(98, 97, 1, 20, 3),
(99, 98, 1, 7, 13),
(100, 99, 1, 18, 4);

-- --------------------------------------------------------

--
-- Structure de la table `restaurants`
--

CREATE TABLE `restaurants` (
  `id` int(11) NOT NULL,
  `name` varchar(255) NOT NULL,
  `address` varchar(255) NOT NULL,
  `zip` int(11) NOT NULL,
  `city` varchar(255) NOT NULL,
  `telephone` varchar(255) NOT NULL,
  `img` varchar(255) NOT NULL,
  `maps` varchar(600) NOT NULL,
  `fermeture` varchar(255) NOT NULL,
  `horaires` varchar(255) NOT NULL
) ENGINE=InnoDB DEFAULT CHARSET=utf8;

--
-- Déchargement des données de la table `restaurants`
--

INSERT INTO `restaurants` (`id`, `name`, `address`, `zip`, `city`, `telephone`, `img`, `maps`, `fermeture`, `horaires`) VALUES
(1, 'le grand champs', '15 rue des Petits Champs', 75001, '0', '185152256', './_assets/image/restaurant/leGrandChamps.jpeg', '<iframe src=\"https://www.google.com/maps/embed?pb=!1m18!1m12!1m3!1d2625.383001347369!2d2.401026200987407!3d48.85090655908643!2m3!1f0!2f0!3f0!3m2!1i1024!2i768!4f13.1!3m3!1m2!1s0x47e672799379a4f5%3A0xc86a8ff7630352d0!2sLes%20P%C3%A8res%20Populaires!5e0!3m2!1sfr!2sfr!4v1612212696937!5m2!1sfr!2sfr\" width=\"600\" height=\"450\" frameborder=\"0\" style=\"border:0;\" allowfullscreen=\"\" aria-hidden=\"false\" tabindex=\"0\"></iframe>', 'Lundi', '11h-15h / 19h-23h'),
(2, 'Picodon', '5 rue Clisson', 75013, '0', '954174888', './_assets/image/restaurant/lePicodon.jpeg', '<iframe src=\"https://www.google.com/maps/embed?pb=!1m18!1m12!1m3!1d20993.056306729104!2d2.33041183955077!3d48.874759399999995!2m3!1f0!2f0!3f0!3m2!1i1024!2i768!4f13.1!3m3!1m2!1s0x47e66e1517492f53%3A0xfc6fe13cf4366e31!2sBig%20Fernand!5e0!3m2!1sfr!2sfr!4v1612212838173!5m2!1sfr!2sfr\" width=\"600\" height=\"450\" frameborder=\"0\" style=\"border:0;\" allowfullscreen=\"\" aria-hidden=\"false\" tabindex=\"0\"></iframe>', 'Lundi', '11h-15h / 19h-23h'),
(3, 'V burger', '3 rue de la Gaité', 75014, '0', '143351692', './_assets/image/restaurant/VBurger.jpeg', '<iframe src=\"https://www.google.com/maps/embed?pb=!1m18!1m12!1m3!1d21008.589468488197!2d2.3287101395507763!3d48.8377332!2m3!1f0!2f0!3f0!3m2!1i1024!2i768!4f13.1!3m3!1m2!1s0x47e671eb1e8096ef%3A0xdcec6658f406a8d!2sLe%20Bistro%20V!5e0!3m2!1sfr!2sfr!4v1612212869730!5m2!1sfr!2sfr\" width=\"600\" height=\"450\" frameborder=\"0\" style=\"border:0;\" allowfullscreen=\"\" aria-hidden=\"false\" tabindex=\"0\"></iframe>', 'Lundi', '11h-15h / 19h-23h'),
(4, 'La taverne ', '9 rue Decrès', 75014, '0', '145455859', './_assets/image/restaurant/LaTaverne.jpeg', '<iframe src=\"https://www.google.com/maps/embed?pb=!1m18!1m12!1m3!1d2624.299363942418!2d2.3343834509881356!3d48.87156940763139!2m3!1f0!2f0!3f0!3m2!1i1024!2i768!4f13.1!3m3!1m2!1s0x47e66e3989efe559%3A0x4b044ce168751138!2sLa%20Taverne!5e0!3m2!1sfr!2sfr!4v1612212890960!5m2!1sfr!2sfr\" width=\"600\" height=\"450\" frameborder=\"0\" style=\"border:0;\" allowfullscreen=\"\" aria-hidden=\"false\" tabindex=\"0\"></iframe>', 'Lundi', '11h-15h / 19h-23h'),
(5, 'le petit Clichy', '22 Boulevard de Clichy', 75018, '0', '142596931', './_assets/image/restaurant/PetitClichy.jpeg', '<iframe src=\"https://www.google.com/maps/embed?pb=!1m18!1m12!1m3!1d2622.9227010281006!2d2.3082740174438445!3d48.897810299999996!2m3!1f0!2f0!3f0!3m2!1i1024!2i768!4f13.1!3m3!1m2!1s0x47e66fa76276a303%3A0x7184c55f98070d31!2sDoor&#39;s%20Restaurant!5e0!3m2!1sfr!2sfr!4v1612213003225!5m2!1sfr!2sfr\" width=\"600\" height=\"450\" frameborder=\"0\" style=\"border:0;\" allowfullscreen=\"\" aria-hidden=\"false\" tabindex=\"0\"></iframe>', 'Lundi', '11h-15h / 19h-23h'),
(6, 'Bistrotters', '20 rue Decrès', 75014, 'Paris ', '0134586578', './_assets/image/restaurant/Bistrotters.jpeg', '<iframe src=\"https://www.google.com/maps/embed?pb=!1m18!1m12!1m3!1d2626.333292090124!2d2.3126791509867677!3d48.832781010362396!2m3!1f0!2f0!3f0!3m2!1i1024!2i768!4f13.1!3m3!1m2!1s0x47e6704be74d6a51%3A0x2e6eb3f3f1e251c4!2sBistrotters!5e0!3m2!1sfr!2sfr!4v1612213021412!5m2!1sfr!2sfr\" width=\"600\" height=\"450\" frameborder=\"0\" style=\"border:0;\" allowfullscreen=\"\" aria-hidden=\"false\" tabindex=\"0\"></iframe>', 'Lundi', '11h-15h / 19h-23h'),
(7, 'Bouillon Pigalle', '20 Boulevard de Clichy ', 75018, 'Paris ', '0127569867', './_assets/image/restaurant/BouillonPigales.jpeg', '<iframe src=\"https://www.google.com/maps/embed?pb=!1m18!1m12!1m3!1d2623.717842295333!2d2.3352694509885343!3d48.882655206850636!2m3!1f0!2f0!3f0!3m2!1i1024!2i768!4f13.1!3m3!1m2!1s0x47e66e45c7d2be55%3A0x6c3d2c3b62dc00e6!2sBouillon%20Pigalle!5e0!3m2!1sfr!2sfr!4v1612213052986!5m2!1sfr!2sfr\" width=\"600\" height=\"450\" frameborder=\"0\" style=\"border:0;\" allowfullscreen=\"\" aria-hidden=\"false\" tabindex=\"0\"></iframe>', 'Lundi', '11h-15h / 19h-23h'),
(8, 'Le petit sommelier ', '49 Avenue du Maine, 75014 Paris', 75014, 'Paris ', '0128367568', './_assets/image/restaurant/PetitSommelier.jpeg', '<iframe src=\"https://www.google.com/maps/embed?pb=!1m18!1m12!1m3!1d2882.9465960045495!2d3.317295850815099!3d43.732436255219284!2m3!1f0!2f0!3f0!3m2!1i1024!2i768!4f13.1!3m3!1m2!1s0x12b16212ba8ffdc3%3A0x6a5df73e76a665f8!2sLe%20Petit%20Sommelier!5e0!3m2!1sfr!2sfr!4v1612213089145!5m2!1sfr!2sfr\" width=\"600\" height=\"450\" frameborder=\"0\" style=\"border:0;\" allowfullscreen=\"\" aria-hidden=\"false\" tabindex=\"0\"></iframe>', 'Lundi', '11h-15h / 19h-23h'),
(9, 'Tempero ', '5 Rue Clisson', 75013, 'Paris ', '0123678756', './_assets/image/restaurant/Tempero.jpeg', '<iframe src=\"https://www.google.com/maps/embed?pb=!1m18!1m12!1m3!1d2626.318713780876!2d2.3672503509867715!3d48.8330591103428!2m3!1f0!2f0!3f0!3m2!1i1024!2i768!4f13.1!3m3!1m2!1s0x47e6722175600877%3A0xc3262027091450ed!2sTempero!5e0!3m2!1sfr!2sfr!4v1612213106775!5m2!1sfr!2sfr\" width=\"600\" height=\"450\" frameborder=\"0\" style=\"border:0;\" allowfullscreen=\"\" aria-hidden=\"false\" tabindex=\"0\"></iframe>', 'Lundi', '11h-15h / 19h-23h'),
(10, 'Macéo', '15, rue des petits-champs', 75001, 'Paris ', '0126745687', './_assets/image/restaurant/maceo.jpeg', '<iframe src=\"https://www.google.com/maps/embed?pb=!1m18!1m12!1m3!1d84079.51570643083!2d2.285839769837836!3d48.81080953081912!2m3!1f0!2f0!3f0!3m2!1i1024!2i768!4f13.1!3m3!1m2!1s0x47e66e3b35372edf%3A0xef76392abbfc0f81!2zTWFjw6lv!5e0!3m2!1sfr!2sfr!4v1612213128835!5m2!1sfr!2sfr\" width=\"600\" height=\"450\" frameborder=\"0\" style=\"border:0;\" allowfullscreen=\"\" aria-hidden=\"false\" tabindex=\"0\"></iframe>', 'Lundi', '11h-15h / 19h-23h'),
(11, 'Palais Royal ', '110 galerie de Valois', 75001, 'Paris ', '0148975452', './_assets/image/restaurant/palaisRoyal.jpeg', '<iframe src=\"https://www.google.com/maps/embed?pb=!1m18!1m12!1m3!1d2624.609168303586!2d2.336673250987958!3d48.86566270804743!2m3!1f0!2f0!3f0!3m2!1i1024!2i768!4f13.1!3m3!1m2!1s0x47e66e24f59b08f5%3A0x13fe3d6f11245bfc!2sRestaurant%20du%20Palais%20Royal!5e0!3m2!1sfr!2sfr!4v1612213149770!5m2!1sfr!2sfr\" width=\"600\" height=\"450\" frameborder=\"0\" style=\"border:0;\" allowfullscreen=\"\" aria-hidden=\"false\" tabindex=\"0\"></iframe>', 'Lundi', '11h-15h / 19h-23h'),
(12, 'Petit Bain', '7 Port de la Gare', 75013, 'Paris ', '0135647575', './_assets/image/restaurant/PetitBain.jpeg', '<iframe src=\"https://www.google.com/maps/embed?pb=!1m18!1m12!1m3!1d2626.189194240596!2d2.3745183509868686!3d48.83552981016887!2m3!1f0!2f0!3f0!3m2!1i1024!2i768!4f13.1!3m3!1m2!1s0x47e672180182f87b%3A0xef9c31ce825ea42c!2sPetit%20Bain!5e0!3m2!1sfr!2sfr!4v1612213165163!5m2!1sfr!2sfr\" width=\"600\" height=\"450\" frameborder=\"0\" style=\"border:0;\" allowfullscreen=\"\" aria-hidden=\"false\" tabindex=\"0\"></iframe>', 'Lundi', '11h-15h / 19h-23h'),
(13, 'Angelina', '226 rue de Rivoli ', 75001, 'Paris ', '0145657627', './_assets/image/restaurant/angelina.jpeg', '<iframe src=\"https://www.google.com/maps/embed?pb=!1m18!1m12!1m3!1d2624.6390316615793!2d2.326249350987934!3d48.86509330808754!2m3!1f0!2f0!3f0!3m2!1i1024!2i768!4f13.1!3m3!1m2!1s0x47e66e2e76445859%3A0x12edad9a76155d46!2sAngelina%20Paris!5e0!3m2!1sfr!2sfr!4v1612213187605!5m2!1sfr!2sfr\" width=\"600\" height=\"450\" frameborder=\"0\" style=\"border:0;\" allowfullscreen=\"\" aria-hidden=\"false\" tabindex=\"0\"></iframe>', 'Lundi', '11h-15h / 19h-23h'),
(14, 'Ciel de Paris', 'Tour Maine Montparnasse, 56ème, Avenue du Maine', 75015, 'Paris ', '0156768656', './_assets/image/restaurant/cielDeParis.jpeg', '<iframe src=\"https://www.google.com/maps/embed?pb=!1m18!1m12!1m3!1d2625.8420984768823!2d2.319926950987106!3d48.84215050970282!2m3!1f0!2f0!3f0!3m2!1i1024!2i768!4f13.1!3m3!1m2!1s0x47e671ccae002451%3A0x555218239c177991!2sCiel%20de%20Paris!5e0!3m2!1sfr!2sfr!4v1612213204687!5m2!1sfr!2sfr\" width=\"600\" height=\"450\" frameborder=\"0\" style=\"border:0;\" allowfullscreen=\"\" aria-hidden=\"false\" tabindex=\"0\"></iframe>', 'Lundi', '11h-15h / 19h-23h'),
(15, 'Le Restaurant', '13 Rue des Beaux Arts ', 75006, 'Paris ', '0127678626', './_assets/image/restaurant/LeRestaurant.jpeg', '<iframe src=\"https://www.google.com/maps/embed?pb=!1m18!1m12!1m3!1d2625.0990068604287!2d2.3330347509876024!3d48.856322408705104!2m3!1f0!2f0!3f0!3m2!1i1024!2i768!4f13.1!3m3!1m2!1s0x47e671d8770462b1%3A0x26cd0f4dac710693!2sLe%20Restaurant!5e0!3m2!1sfr!2sfr!4v1612213238261!5m2!1sfr!2sfr\" width=\"600\" height=\"450\" frameborder=\"0\" style=\"border:0;\" allowfullscreen=\"\" aria-hidden=\"false\" tabindex=\"0\"></iframe>', 'Lundi', '11h-15h / 19h-23h'),
(16, 'Breizh Café ', '177 Avenue Daumesnil/allée, Rue Paul Dukas ', 75012, 'Paris ', '0145675626', './_assets/image/restaurant/BreizhCafe.jpeg', '<iframe src=\"https://www.google.com/maps/embed?pb=!1m18!1m12!1m3!1d2625.3419467338945!2d2.3366366509874217!3d48.85168950903116!2m3!1f0!2f0!3f0!3m2!1i1024!2i768!4f13.1!3m3!1m2!1s0x47e671deaea113d5%3A0xe44dae17f018284c!2sBREIZH%20Caf%C3%A9%20Od%C3%A9on%20%7C%20Click%26Collect%20et%20Livraison!5e0!3m2!1sfr!2sfr!4v1612213260496!5m2!1sfr!2sfr\" width=\"600\" height=\"450\" frameborder=\"0\" style=\"border:0;\" allowfullscreen=\"\" aria-hidden=\"false\" tabindex=\"0\"></iframe>', 'Lundi', '11h-15h / 19h-23h'),
(17, 'Epicure ', '112 Rue du Faubourg Saint-Honoré', 75008, 'Paris', '0167567856', './_assets/image/restaurant/epicure.jpeg', '<iframe src=\"https://www.google.com/maps/embed?pb=!1m18!1m12!1m3!1d2624.2903736555895!2d2.3126587509881507!3d48.8717408076194!2m3!1f0!2f0!3f0!3m2!1i1024!2i768!4f13.1!3m3!1m2!1s0x47e66feaaa07e555%3A0xd52e77609ee2730c!2sEpicure!5e0!3m2!1sfr!2sfr!4v1612213275858!5m2!1sfr!2sfr\" width=\"600\" height=\"450\" frameborder=\"0\" style=\"border:0;\" allowfullscreen=\"\" aria-hidden=\"false\" tabindex=\"0\"></iframe>', 'Lundi', '11h-15h / 19h-23h'),
(18, 'Pho 13', '135 Avenue de Choisy', 75013, 'Paris ', '0145678756', './_assets/image/restaurant/pho13.jpeg', '<iframe src=\"https://www.google.com/maps/embed?pb=!1m18!1m12!1m3!1d2626.694820653825!2d2.359482100986537!3d48.82588401084773!2m3!1f0!2f0!3f0!3m2!1i1024!2i768!4f13.1!3m3!1m2!1s0x47e67188b564ddef%3A0xbb2d35f5e3337075!2sPho%2013!5e0!3m2!1sfr!2sfr!4v1612213295279!5m2!1sfr!2sfr\" width=\"600\" height=\"450\" frameborder=\"0\" style=\"border:0;\" allowfullscreen=\"\" aria-hidden=\"false\" tabindex=\"0\"></iframe>', 'Lundi', '11h-15h / 19h-23h'),
(19, 'Champeaux ', '12 Passage de la Canopée', 75001, 'Paris ', '0145678765', './_assets/image/restaurant/champeaux.jpeg', '<iframe src=\"https://www.google.com/maps/embed?pb=!1m18!1m12!1m3!1d167985.93248659844!2d2.2068065164062385!3d48.86240170000001!2m3!1f0!2f0!3f0!3m2!1i1024!2i768!4f13.1!3m3!1m2!1s0x47e66e256bbdec4b%3A0x3ba6ec24de438c3!2sChampeaux!5e0!3m2!1sfr!2sfr!4v1612213317693!5m2!1sfr!2sfr\" width=\"600\" height=\"450\" frameborder=\"0\" style=\"border:0;\" allowfullscreen=\"\" aria-hidden=\"false\" tabindex=\"0\"></iframe>', 'Lundi', '11h-15h / 19h-23h'),
(20, 'George', '6e étage du Centre Georges Pompidou Place Georges Pompidou', 75004, 'Paris ', '0126786578', './_assets/image/restaurant/leGrandChamps.jpeg', '<iframe src=\"https://www.google.com/maps/embed?pb=!1m18!1m12!1m3!1d20995.202434526895!2d2.3009010439582274!3d48.869644946770705!2m3!1f0!2f0!3f0!3m2!1i1024!2i768!4f13.1!3m3!1m2!1s0x47e66f8ca94ebaff%3A0x702e9e7628075c24!2sChez%20Georges!5e0!3m2!1sfr!2sfr!4v1612213348539!5m2!1sfr!2sfr\" width=\"600\" height=\"450\" frameborder=\"0\" style=\"border:0;\" allowfullscreen=\"\" aria-hidden=\"false\" tabindex=\"0\"></iframe>', 'Lundi', '11h-15h / 19h-23h'),
(21, 'Le V', '31 Avenue George V', 75008, 'Paris ', '0134872567', './_assets/image/restaurant/LeCinq.jpeg', '<iframe src=\"https://www.google.com/maps/embed?pb=!1m18!1m12!1m3!1d2624.441867866893!2d2.2984889509880486!3d48.86885250782281!2m3!1f0!2f0!3f0!3m2!1i1024!2i768!4f13.1!3m3!1m2!1s0x47e66fe8213334a9%3A0x905fb3540fe15d68!2sLe%20Cinq!5e0!3m2!1sfr!2sfr!4v1612213365299!5m2!1sfr!2sfr\" width=\"600\" height=\"450\" frameborder=\"0\" style=\"border:0;\" allowfullscreen=\"\" aria-hidden=\"false\" tabindex=\"0\"></iframe>', 'Lundi', '11h-15h / 19h-23h'),
(22, 'Georgette ', '44 Rue d\'Assas', 75006, 'Paris ', '0145678656', './_assets/image/restaurant/Georgette.jpeg', '<iframe src=\"https://www.google.com/maps/embed?pb=!1m18!1m12!1m3!1d2625.577492193844!2d2.3277382509872795!3d48.847197309347614!2m3!1f0!2f0!3f0!3m2!1i1024!2i768!4f13.1!3m3!1m2!1s0x47e671d032557dd3%3A0x1bdb5a7af16431d8!2sGeorgette!5e0!3m2!1sfr!2sfr!4v1612213384335!5m2!1sfr!2sfr\" width=\"600\" height=\"450\" frameborder=\"0\" style=\"border:0;\" allowfullscreen=\"\" aria-hidden=\"false\" tabindex=\"0\"></iframe>', 'Lundi', '11h-15h / 19h-23h'),
(23, 'Mosuke', '11 Rue Raymond Losserand', 75014, 'Paris ', '0127867856', './_assets/image/restaurant/mosuke.jpeg', '<iframe src=\"https://www.google.com/maps/embed?pb=!1m18!1m12!1m3!1d2626.150652493182!2d2.3202893509868843!3d48.836265010117046!2m3!1f0!2f0!3f0!3m2!1i1024!2i768!4f13.1!3m3!1m2!1s0x47e6711f27b0fd65%3A0xfdac37f900833d4c!2sMosuke%20par%20Mory%20Sacko!5e0!3m2!1sfr!2sfr!4v1612213402791!5m2!1sfr!2sfr\" width=\"600\" height=\"450\" frameborder=\"0\" style=\"border:0;\" allowfullscreen=\"\" aria-hidden=\"false\" tabindex=\"0\"></iframe>', 'Lundi', '11h-15h / 19h-23h'),
(24, 'Kigawa', '186 Rue du Château', 75014, 'Paris ', '0145678723', './_assets/image/restaurant/Kigawa.jpeg', '<iframe src=\"https://www.google.com/maps/embed?pb=!1m18!1m12!1m3!1d2626.314918482736!2d2.3220870509868017!3d48.833131510337715!2m3!1f0!2f0!3f0!3m2!1i1024!2i768!4f13.1!3m3!1m2!1s0x47e671b44763c263%3A0x8ded56ee8bdaecb7!2sKigawa!5e0!3m2!1sfr!2sfr!4v1612213433653!5m2!1sfr!2sfr\" width=\"600\" height=\"450\" frameborder=\"0\" style=\"border:0;\" allowfullscreen=\"\" aria-hidden=\"false\" tabindex=\"0\"></iframe>', 'Lundi', '11h-15h / 19h-23h'),
(25, 'Cocotte ', '165 Avenue du Maine', 75014, 'Paris ', '0145675634', './_assets/image/restaurant/cocotte.jpeg', '<iframe src=\"https://www.google.com/maps/embed?pb=!1m18!1m12!1m3!1d21010.50658740492!2d2.3067178649732747!3d48.833161937996515!2m3!1f0!2f0!3f0!3m2!1i1024!2i768!4f13.1!3m3!1m2!1s0x47e6717514fe66c1%3A0x709c786fc947b273!2sCocotte!5e0!3m2!1sfr!2sfr!4v1612213457006!5m2!1sfr!2sfr\" width=\"600\" height=\"450\" frameborder=\"0\" style=\"border:0;\" allowfullscreen=\"\" aria-hidden=\"false\" tabindex=\"0\"></iframe>', 'Lundi', '11h-15h / 19h-23h'),
(26, 'K.G.B', '25 Rue des Grands Augustins', 75006, 'Paris ', '0145678925', './_assets/image/restaurant/kitchenGalerieBis.jpeg', '<iframe src=\"https://www.google.com/maps/embed?pb=!1m18!1m12!1m3!1d2625.233669688875!2d2.338240450987509!3d48.853754408885905!2m3!1f0!2f0!3f0!3m2!1i1024!2i768!4f13.1!3m3!1m2!1s0x47e671dee23f862f%3A0x23a68ed2cdce0169!2sKitchen%20Galerie%20Bis!5e0!3m2!1sfr!2sfr!4v1612213478778!5m2!1sfr!2sfr\" width=\"600\" height=\"450\" frameborder=\"0\" style=\"border:0;\" allowfullscreen=\"\" aria-hidden=\"false\" tabindex=\"0\"></iframe>', 'Lundi', '11h-15h / 19h-23h'),
(27, 'Allard', '41 Rue Saint-André des Arts', 75006, 'Paris ', '0156756724', './_assets/image/restaurant/allard.jpeg', '<iframe src=\"https://www.google.com/maps/embed?pb=!1m18!1m12!1m3!1d2625.2549855760385!2d2.3388198509874996!3d48.853347908914536!2m3!1f0!2f0!3f0!3m2!1i1024!2i768!4f13.1!3m3!1m2!1s0x47e671def962d67d%3A0x666528ae27ff4cd8!2sAllard!5e0!3m2!1sfr!2sfr!4v1612213493870!5m2!1sfr!2sfr\" width=\"600\" height=\"450\" frameborder=\"0\" style=\"border:0;\" allowfullscreen=\"\" aria-hidden=\"false\" tabindex=\"0\"></iframe>', 'Lundi', '11h-15h / 19h-23h'),
(28, 'Les Fous de L\'Ile', '33 Rue des Deux Ponts', 75004, 'Paris ', '0145675689', './_assets/image/restaurant/lesFousDeLile.jpeg', '<iframe src=\"https://www.google.com/maps/embed?pb=!1m18!1m12!1m3!1d2625.3141187734395!2d2.354558750987446!3d48.85222020899388!2m3!1f0!2f0!3f0!3m2!1i1024!2i768!4f13.1!3m3!1m2!1s0x47e671fceaca5145%3A0xd2e0166d9bd616b9!2sLes%20Fous%20de%20L&#39;Ile!5e0!3m2!1sfr!2sfr!4v1612213512053!5m2!1sfr!2sfr\" width=\"600\" height=\"450\" frameborder=\"0\" style=\"border:0;\" allowfullscreen=\"\" aria-hidden=\"false\" tabindex=\"0\"></iframe>', 'Lundi', '11h-15h / 19h-23h'),
(29, 'Le chat Ivre', '22 Rue des Taillandiers', 75011, 'Paris ', '0145678675', './_assets/image/restaurant/chatIvre.jpeg', '<iframe src=\"https://www.google.com/maps/embed?pb=!1m18!1m12!1m3!1d2625.1690080675316!2d2.372790950987523!3d48.85498750879907!2m3!1f0!2f0!3f0!3m2!1i1024!2i768!4f13.1!3m3!1m2!1s0x47e672077b823407%3A0xd8bf67e92273b65f!2sLe%20Chat%20Ivre!5e0!3m2!1sfr!2sfr!4v1612213528591!5m2!1sfr!2sfr\" width=\"600\" height=\"450\" frameborder=\"0\" style=\"border:0;\" allowfullscreen=\"\" aria-hidden=\"false\" tabindex=\"0\"></iframe>', 'Lundi', '11h-15h / 19h-23h'),
(30, 'Fontaine Gaillon', '1 Rue de la Michodière, 75002 Paris', 75002, 'Paris ', '0134576867', './_assets/image/restaurant/fontaineGaillon.jpeg', '<iframe src=\"https://www.google.com/maps/embed?pb=!1m18!1m12!1m3!1d2624.4291225318457!2d2.332042950988085!3d48.86909550780566!2m3!1f0!2f0!3f0!3m2!1i1024!2i768!4f13.1!3m3!1m2!1s0x47e66e3072b152a5%3A0x4e66e6c97510b42e!2sLa%20Fontaine%20Gaillon!5e0!3m2!1sfr!2sfr!4v1612213548099!5m2!1sfr!2sfr\" width=\"600\" height=\"450\" frameborder=\"0\" style=\"border:0;\" allowfullscreen=\"\" aria-hidden=\"false\" tabindex=\"0\"></iframe>', 'Lundi', '11h-15h / 19h-23h'),
(31, 'Guy Savoy', 'Monnaie de Paris, 11 Quai de Conti, ', 75006, 'Paris ', '0134567894', './_assets/image/restaurant/guySavoy.jpeg', '<iframe src=\"https://www.google.com/maps/embed?pb=!1m18!1m12!1m3!1d2625.078780761259!2d2.336955050987637!3d48.85670810867796!2m3!1f0!2f0!3f0!3m2!1i1024!2i768!4f13.1!3m3!1m2!1s0x47e66fec9f9184eb%3A0x240145c04a25b01f!2sRestaurant%20Guy%20Savoy!5e0!3m2!1sfr!2sfr!4v1612213571309!5m2!1sfr!2sfr\" width=\"600\" height=\"450\" frameborder=\"0\" style=\"border:0;\" allowfullscreen=\"\" aria-hidden=\"false\" tabindex=\"0\"></iframe>', 'Lundi', '11h-15h / 19h-23h'),
(32, 'ES', '91 rue de Grenelle', 75007, 'Paris ', '0134567856', './_assets/image/restaurant/RestaurantES.jpeg', '<iframe src=\"https://www.google.com/maps/embed?pb=!1m18!1m12!1m3!1d2625.100847497721!2d2.3189477509876273!3d48.85628730870755!2m3!1f0!2f0!3f0!3m2!1i1024!2i768!4f13.1!3m3!1m2!1s0x47e6702aa5b6d4dd%3A0x603938272d806dfd!2sRestaurant%20ES!5e0!3m2!1sfr!2sfr!4v1612213591410!5m2!1sfr!2sfr\" width=\"600\" height=\"450\" frameborder=\"0\" style=\"border:0;\" allowfullscreen=\"\" aria-hidden=\"false\" tabindex=\"0\"></iframe>', 'Lundi', '11h-15h / 19h-23h'),
(33, 'MUMI', '14 Rue Sauval', 75001, 'Paris ', '0123568223', './_assets/image/restaurant/mumi.jpeg', '<iframe src=\"https://www.google.com/maps/embed?pb=!1m18!1m12!1m3!1d2624.800873545721!2d2.3404776509878005!3d48.86200740830492!2m3!1f0!2f0!3f0!3m2!1i1024!2i768!4f13.1!3m3!1m2!1s0x47e66e223034ffff%3A0xe9a95acc4ef77031!2sRestaurant%20MUMI!5e0!3m2!1sfr!2sfr!4v1612213611583!5m2!1sfr!2sfr\" width=\"600\" height=\"450\" frameborder=\"0\" style=\"border:0;\" allowfullscreen=\"\" aria-hidden=\"false\" tabindex=\"0\"></iframe>', 'Lundi', '11h-15h / 19h-23h'),
(34, 'Le 122', '122 Rue de Grenelle', 75007, 'Paris ', '0134567945', './_assets/image/restaurant/122.jpeg', '<iframe src=\"https://www.google.com/maps/embed?pb=!1m18!1m12!1m3!1d2625.0560111808577!2d2.316958450987638!3d48.85714230864749!2m3!1f0!2f0!3f0!3m2!1i1024!2i768!4f13.1!3m3!1m2!1s0x47e66fd578b0f23b%3A0x4daf879ad19806a!2sRestaurant%20Le%20122!5e0!3m2!1sfr!2sfr!4v1612213626870!5m2!1sfr!2sfr\" width=\"600\" height=\"450\" frameborder=\"0\" style=\"border:0;\" allowfullscreen=\"\" aria-hidden=\"false\" tabindex=\"0\"></iframe>', 'Lundi', '11h-15h / 19h-23h'),
(35, 'Kei', '5 Rue Coq Héron', 75001, 'Paris ', '0136782789', './_assets/image/restaurant/kei.jpeg', '<iframe src=\"https://www.google.com/maps/embed?pb=!1m18!1m12!1m3!1d2624.6774120420237!2d2.339888650987914!3d48.86436150813916!2m3!1f0!2f0!3f0!3m2!1i1024!2i768!4f13.1!3m3!1m2!1s0x47e66e2302da39a9%3A0x807a2aff8145c442!2sRestaurant%20Kei!5e0!3m2!1sfr!2sfr!4v1612213645807!5m2!1sfr!2sfr\" width=\"600\" height=\"450\" frameborder=\"0\" style=\"border:0;\" allowfullscreen=\"\" aria-hidden=\"false\" tabindex=\"0\"></iframe>', 'Lundi', '11h-15h / 19h-23h'),
(36, 'Boutary', '25 Rue Mazarine', 75006, 'Paris ', '0137835628', './_assets/image/restaurant/boutary.jpeg', '<iframe src=\"https://www.google.com/maps/embed?pb=!1m18!1m12!1m3!1d2625.168169047341!2d2.335861550987562!3d48.85500350879797!2m3!1f0!2f0!3f0!3m2!1i1024!2i768!4f13.1!3m3!1m2!1s0x47e671d8c884c8dd%3A0x693328ac34355a3d!2sBoutary!5e0!3m2!1sfr!2sfr!4v1612213665742!5m2!1sfr!2sfr\" width=\"600\" height=\"450\" frameborder=\"0\" style=\"border:0;\" allowfullscreen=\"\" aria-hidden=\"false\" tabindex=\"0\"></iframe>', 'Lundi', '11h-15h / 19h-23h'),
(37, 'Joël Robuchon', 'Hôtel du Pont Royal, 5 Rue de Montalembert', 75007, 'Paris ', '0135679726', './_assets/image/restaurant/AtelierJoelR.jpeg', '<iframe src=\"https://www.google.com/maps/embed?pb=!1m18!1m12!1m3!1d10500.669048589754!2d2.329268650607003!3d48.855020803249175!2m3!1f0!2f0!3f0!3m2!1i1024!2i768!4f13.1!3m3!1m2!1s0x47e66e29ff9e5353%3A0xecf5173df8e34d1e!2sL&#39;Atelier%20de%20Jo%C3%ABl%20Robuchon!5e0!3m2!1sfr!2sfr!4v1612213686058!5m2!1sfr!2sfr\" width=\"600\" height=\"450\" frameborder=\"0\" style=\"border:0;\" allowfullscreen=\"\" aria-hidden=\"false\" tabindex=\"0\"></iframe>', 'Lundi', '11h-15h / 19h-23h'),
(38, 'Z.K.G', '4 Rue des Grands Augustins', 75006, 'Paris ', '0134875626', './_assets/image/restaurant/ZeKitchenGalerie.jpeg', '<iframe src=\"https://www.google.com/maps/embed?pb=!1m18!1m12!1m3!1d2625.1665434451384!2d2.3389779509875623!3d48.855034508795846!2m3!1f0!2f0!3f0!3m2!1i1024!2i768!4f13.1!3m3!1m2!1s0x47e671df0b581c1b%3A0x761fc983eadda5!2sZe%20Kitchen%20Galerie!5e0!3m2!1sfr!2sfr!4v1612213704376!5m2!1sfr!2sfr\" width=\"600\" height=\"450\" frameborder=\"0\" style=\"border:0;\" allowfullscreen=\"\" aria-hidden=\"false\" tabindex=\"0\"></iframe>', 'Lundi', '11h-15h / 19h-23h'),
(39, 'Masha', '85 Avenue Kléber', 75016, 'Paris ', '0137683789', './_assets/image/restaurant/masha.jpeg', '<iframe src=\"https://www.google.com/maps/embed?pb=!1m18!1m12!1m3!1d2624.675057204561!2d2.286383450987899!3d48.86440640813587!2m3!1f0!2f0!3f0!3m2!1i1024!2i768!4f13.1!3m3!1m2!1s0x47e66f0d8b30ca77%3A0xad4ab71b547bcac8!2sMasha!5e0!3m2!1sfr!2sfr!4v1612213721327!5m2!1sfr!2sfr\" width=\"600\" height=\"450\" frameborder=\"0\" style=\"border:0;\" allowfullscreen=\"\" aria-hidden=\"false\" tabindex=\"0\"></iframe>', 'Lundi', '11h-15h / 19h-23h'),
(40, 'Comptoir Parisien', '174 Avenue de Clichy', 75017, 'Paris ', '0135678563', './_assets/image/restaurant/comptoirParisien.jpeg', '<iframe src=\"https://www.google.com/maps/embed?pb=!1m18!1m12!1m3!1d2623.198755287829!2d2.3151252509888742!3d48.89254920615373!2m3!1f0!2f0!3f0!3m2!1i1024!2i768!4f13.1!3m3!1m2!1s0x47e66fa933d0a837%3A0x8a6e2256f98820c2!2sLe%20Comptoir%20Parisien!5e0!3m2!1sfr!2sfr!4v1612213751920!5m2!1sfr!2sfr\" width=\"600\" height=\"450\" frameborder=\"0\" style=\"border:0;\" allowfullscreen=\"\" aria-hidden=\"false\" tabindex=\"0\"></iframe>', 'Lundi', '11h-15h / 19h-23h'),
(41, 'Restaurant le 975', '25 Rue Guy Môquet', 75017, 'Paris ', '0156785627', './_assets/image/restaurant/le975.jpeg', '<iframe src=\"https://www.google.com/maps/embed?pb=!1m18!1m12!1m3!1d2623.2242550211204!2d2.3202290509888694!3d48.892063206187984!2m3!1f0!2f0!3f0!3m2!1i1024!2i768!4f13.1!3m3!1m2!1s0x47e66fab7e771809%3A0xccabf3c34ece5558!2sRestaurant%20le%20975!5e0!3m2!1sfr!2sfr!4v1612213774088!5m2!1sfr!2sfr\" width=\"600\" height=\"450\" frameborder=\"0\" style=\"border:0;\" allowfullscreen=\"\" aria-hidden=\"false\" tabindex=\"0\"></iframe>', 'Lundi', '11h-15h / 19h-23h'),
(42, 'Frederic Simonin ', '25 Rue Bayen', 75017, 'Paris ', '0137687626', './_assets/image/restaurant/fredericSimonin.jpeg', '<iframe src=\"https://www.google.com/maps/embed?pb=!1m18!1m12!1m3!1d2623.857233263283!2d2.2918977509884404!3d48.87999810703788!2m3!1f0!2f0!3f0!3m2!1i1024!2i768!4f13.1!3m3!1m2!1s0x47e66f93a06e6a47%3A0xf06ded4ce3d90a2b!2sFrederic%20Simonin%20Restaurant!5e0!3m2!1sfr!2sfr!4v1612213792024!5m2!1sfr!2sfr\" width=\"600\" height=\"450\" frameborder=\"0\" style=\"border:0;\" allowfullscreen=\"\" aria-hidden=\"false\" tabindex=\"0\"></iframe>', 'Lundi', '11h-15h / 19h-23h'),
(43, 'L\'Envie du Jour', '106 Rue Nollet', 75017, 'Paris ', '0165789867', './_assets/image/restaurant/envieJour.jpeg', '<iframe src=\"https://www.google.com/maps/embed?pb=!1m18!1m12!1m3!1d2623.3917825259687!2d2.316122650897059!3d48.8888702064131!2m3!1f0!2f0!3f0!3m2!1i1024!2i768!4f13.1!3m3!1m2!1s0x47e66fae6fc33139%3A0x3f35a0fab471cf4d!2sL&#39;Envie%20du%20Jour!5e0!3m2!1sfr!2sfr!4v1612214482435!5m2!1sfr!2sfr\" width=\"600\" height=\"450\" frameborder=\"0\" style=\"border:0;\" allowfullscreen=\"\" aria-hidden=\"false\" tabindex=\"0\"></iframe>', 'Lundi', '11h-15h / 19h-23h'),
(44, 'Le Tourbillon', '116 Rue des Dames', 75017, 'Paris', '0156789629', './_assets/image/restaurant/leTourbillon.jpeg', '<iframe src=\"https://www.google.com/maps/embed?pb=!1m18!1m12!1m3!1d2623.733370679129!2d2.3137242508968106!3d48.882359206871726!2m3!1f0!2f0!3f0!3m2!1i1024!2i768!4f13.1!3m3!1m2!1s0x47e66fb1290c346f%3A0xd06628649e093028!2sLe%20Tourbillon!5e0!3m2!1sfr!2sfr!4v1612214503837!5m2!1sfr!2sfr\" width=\"600\" height=\"450\" frameborder=\"0\" style=\"border:0;\" allowfullscreen=\"\" aria-hidden=\"false\" tabindex=\"0\"></iframe>', 'Lundi', '11h-15h / 19h-23h'),
(45, 'Oxte', '5 Rue Troyon', 75017, 'Paris ', '0128675678', './_assets/image/restaurant/oxte.jpeg', '<iframe src=\"https://www.google.com/maps/embed?pb=!1m18!1m12!1m3!1d2624.0739440334874!2d2.293116050896575!3d48.87586690732897!2m3!1f0!2f0!3f0!3m2!1i1024!2i768!4f13.1!3m3!1m2!1s0x47e66fec9ef54f09%3A0x28987af89bb7f499!2sRestaurant%20Oxte!5e0!3m2!1sfr!2sfr!4v1612214523881!5m2!1sfr!2sfr\" width=\"600\" height=\"450\" frameborder=\"0\" style=\"border:0;\" allowfullscreen=\"\" aria-hidden=\"false\" tabindex=\"0\"></iframe>', 'Lundi', '11h-15h / 19h-23h'),
(46, 'Jacques Faussat', '54 Rue Cardinet', 75017, 'Paris', '0156780428', './_assets/image/restaurant/JacquesFossat.jpeg', '<iframe src=\"https://www.google.com/maps/embed?pb=!1m18!1m12!1m3!1d2623.709773803387!2d2.3044128508968216!3d48.88280900684003!2m3!1f0!2f0!3f0!3m2!1i1024!2i768!4f13.1!3m3!1m2!1s0x47e66fbc0e310b35%3A0x258275a3e8f1d293!2sRestaurant%20Jacques%20Faussat!5e0!3m2!1sfr!2sfr!4v1612214556762!5m2!1sfr!2sfr\" width=\"600\" height=\"450\" frameborder=\"0\" style=\"border:0;\" allowfullscreen=\"\" aria-hidden=\"false\" tabindex=\"0\"></iframe>', 'Lundi', '11h-15h / 19h-23h'),
(47, 'Les Françaises', '87 Rue Legendre', 75017, 'Paris', '0167828928', './_assets/image/restaurant/lesFrancaises.jpeg', '<iframe src=\"https://www.google.com/maps/embed?pb=!1m18!1m12!1m3!1d2623.4431776806778!2d2.318275450897041!3d48.887890606482074!2m3!1f0!2f0!3f0!3m2!1i1024!2i768!4f13.1!3m3!1m2!1s0x47e66fad949c04fb%3A0x449a9c9d8d112961!2sLes%20Fran%C3%A7aises!5e0!3m2!1sfr!2sfr!4v1612214575796!5m2!1sfr!2sfr\" width=\"600\" height=\"450\" frameborder=\"0\" style=\"border:0;\" allowfullscreen=\"\" aria-hidden=\"false\" tabindex=\"0\"></iframe>', 'Lundi', '11h-15h / 19h-23h'),
(48, 'La Table ', '36 Rue Bayen', 75017, 'Paris', '0136786792', './_assets/image/restaurant/tableDesTernes.jpeg', '<iframe src=\"https://www.google.com/maps/embed?pb=!1m18!1m12!1m3!1d84026.78747817483!2d2.2518985980914366!3d48.84224568276744!2m3!1f0!2f0!3f0!3m2!1i1024!2i768!4f13.1!3m3!1m2!1s0x47e66f9230d39681%3A0x54a7c2f1dcdf65f4!2sLa%20Table%20des%20Ternes!5e0!3m2!1sfr!2sfr!4v1612214673817!5m2!1sfr!2sfr\" width=\"600\" height=\"450\" frameborder=\"0\" style=\"border:0;\" allowfullscreen=\"\" aria-hidden=\"false\" tabindex=\"0\"></iframe>', 'Lundi', '11h-15h / 19h-23h'),
(49, 'Vatel Paris', '122 Rue Nollet', 75017, 'Paris', '0127056856', './_assets/image/restaurant/vatel.jpeg', '<iframe src=\"https://www.google.com/maps/embed?pb=!1m18!1m12!1m3!1d2623.3509218864224!2d2.314762550897092!3d48.88964900635823!2m3!1f0!2f0!3f0!3m2!1i1024!2i768!4f13.1!3m3!1m2!1s0x47e66faef81eae41%3A0x48731d60ea17c202!2sRestaurant%20Vatel%20Paris!5e0!3m2!1sfr!2sfr!4v1612214720796!5m2!1sfr!2sfr\" width=\"600\" height=\"450\" frameborder=\"0\" style=\"border:0;\" allowfullscreen=\"\" aria-hidden=\"false\" tabindex=\"0\"></iframe>', 'Lundi', '11h-15h / 19h-23h'),
(50, 'Le Bordeluche', '103 Rue des Dames', 75017, 'Paris', '0128796728', './_assets/image/restaurant/leBordeluche.jpeg', '<iframe src=\"https://www.google.com/maps/embed?pb=!1m18!1m12!1m3!1d2623.7076491323432!2d2.3157822508968056!3d48.88284950683712!2m3!1f0!2f0!3f0!3m2!1i1024!2i768!4f13.1!3m3!1m2!1s0x47e66fb15b7a90fb%3A0xae2745afcaad248e!2sLe%20Bordeluche!5e0!3m2!1sfr!2sfr!4v1612214740977!5m2!1sfr!2sfr\" width=\"600\" height=\"450\" frameborder=\"0\" style=\"border:0;\" allowfullscreen=\"\" aria-hidden=\"false\" tabindex=\"0\"></iframe>', 'Lundi', '11h-15h / 19h-23h'),
(51, 'Scaria', '88 Ave Parmentier', 75011, 'Paris', '0138679628', './_assets/image/restaurant/scaria.jpeg', '<iframe src=\"https://www.google.com/maps/embed?pb=!1m18!1m12!1m3!1d2624.6515979005085!2d2.3728379508961446!3d48.864853708104526!2m3!1f0!2f0!3f0!3m2!1i1024!2i768!4f13.1!3m3!1m2!1s0x47e66dfb397cc1d1%3A0x83b39e1d03b724cb!2sScaria!5e0!3m2!1sfr!2sfr!4v1612214762813!5m2!1sfr!2sfr\" width=\"600\" height=\"450\" frameborder=\"0\" style=\"border:0;\" allowfullscreen=\"\" aria-hidden=\"false\" tabindex=\"0\"></iframe>', 'Lundi', '11h-15h / 19h-23h'),
(52, 'Pierre Sang ', '55 Rue Oberkampf', 75011, 'Paris', '0137867929', './_assets/image/restaurant/pierreSang.jpeg', '<iframe src=\"https://www.google.com/maps/embed?pb=!1m18!1m12!1m3!1d2624.6573355586183!2d2.370175650896149!3d48.86474430811223!2m3!1f0!2f0!3f0!3m2!1i1024!2i768!4f13.1!3m3!1m2!1s0x47e66dfcc1fdf165%3A0x259b2c0420efb705!2sPierre%20Sang%20in%20Oberkampf!5e0!3m2!1sfr!2sfr!4v1612214787894!5m2!1sfr!2sfr\" width=\"600\" height=\"450\" frameborder=\"0\" style=\"border:0;\" allowfullscreen=\"\" aria-hidden=\"false\" tabindex=\"0\"></iframe>', 'Lundi', '11h-15h / 19h-23h'),
(53, 'Siamsa', '13 Rue de la Pierre Levée', 75011, 'Paris', '0167895629', './_assets/image/restaurant/siamsa.jpeg', '<iframe src=\"https://www.google.com/maps/embed?pb=!1m18!1m12!1m3!1d2624.5150188830585!2d2.3680310508962594!3d48.86745780792115!2m3!1f0!2f0!3f0!3m2!1i1024!2i768!4f13.1!3m3!1m2!1s0x47e66de2e49fdcd5%3A0xa5f43cd1c5dba4c0!2sSiamsa!5e0!3m2!1sfr!2sfr!4v1612214805621!5m2!1sfr!2sfr\" width=\"600\" height=\"450\" frameborder=\"0\" style=\"border:0;\" allowfullscreen=\"\" aria-hidden=\"false\" tabindex=\"0\"></iframe>', 'Lundi', '11h-15h / 19h-23h'),
(54, 'Chez Wang', '15 Rue Léon Frot', 75011, 'Paris', '0128757928', './_assets/image/restaurant/chezWang.jpeg', '<iframe src=\"https://www.google.com/maps/embed?pb=!1m18!1m12!1m3!1d2625.213412918905!2d2.3854807508957503!3d48.85414070885884!2m3!1f0!2f0!3f0!3m2!1i1024!2i768!4f13.1!3m3!1m2!1s0x47e6720aecae4b19%3A0xb88f49f29af70a53!2sChez%20Wang!5e0!3m2!1sfr!2sfr!4v1612214822424!5m2!1sfr!2sfr\" width=\"600\" height=\"450\" frameborder=\"0\" style=\"border:0;\" allowfullscreen=\"\" aria-hidden=\"false\" tabindex=\"0\"></iframe>', 'Lundi', '11h-15h / 19h-23h'),
(55, 'Maison Bréguet', '8 Rue Breguet', 75011, 'Paris', '0128675629', './_assets/image/restaurant/maisonBreguet.jpeg', '<iframe src=\"https://www.google.com/maps/embed?pb=!1m18!1m12!1m3!1d2625.093652750336!2d2.3698085508958706!3d48.85642450869806!2m3!1f0!2f0!3f0!3m2!1i1024!2i768!4f13.1!3m3!1m2!1s0x47e66dcbb01bc73b%3A0x8a6b369bedab2478!2sRestaurant%20Maison%20Br%C3%A9guet!5e0!3m2!1sfr!2sfr!4v1612214858697!5m2!1sfr!2sfr\" width=\"600\" height=\"450\" frameborder=\"0\" style=\"border:0;\" allowfullscreen=\"\" aria-hidden=\"false\" tabindex=\"0\"></iframe>', 'Lundi', '11h-15h / 19h-23h'),
(56, 'Pianovins', '46 Rue Trousseau', 75011, 'Paris', '0145795626', './_assets/image/restaurant/Pianovins.jpeg', '<iframe src=\"https://www.google.com/maps/embed?pb=!1m18!1m12!1m3!1d2625.306347669058!2d2.3770479508956823!3d48.85236840898365!2m3!1f0!2f0!3f0!3m2!1i1024!2i768!4f13.1!3m3!1m2!1s0x47e6720892a9cca7%3A0x9f2eff2e046fe407!2sPianovins!5e0!3m2!1sfr!2sfr!4v1612214876681!5m2!1sfr!2sfr\" width=\"600\" height=\"450\" frameborder=\"0\" style=\"border:0;\" allowfullscreen=\"\" aria-hidden=\"false\" tabindex=\"0\"></iframe>', 'Lundi', '11h-15h / 19h-23h'),
(57, 'Bien Ficelé', '51 Boulevard Voltaire', 75011, 'Paris', '0145768928', './_assets/image/restaurant/bienFicelé.jpeg', '<iframe src=\"https://www.google.com/maps/embed?pb=!1m18!1m12!1m3!1d2624.7798170672613!2d2.370713950896068!3d48.862408908276684!2m3!1f0!2f0!3f0!3m2!1i1024!2i768!4f13.1!3m3!1m2!1s0x47e66d5b266ad1b5%3A0x922c700811f64934!2sBien%20Ficel%C3%A9!5e0!3m2!1sfr!2sfr!4v1612214894434!5m2!1sfr!2sfr\" width=\"600\" height=\"450\" frameborder=\"0\" style=\"border:0;\" allowfullscreen=\"\" aria-hidden=\"false\" tabindex=\"0\"></iframe>', 'Lundi', '11h-15h / 19h-23h');

-- --------------------------------------------------------

--
-- Structure de la table `wishlist_item`
--

CREATE TABLE `wishlist_item` (
  `id` int(11) NOT NULL,
  `id_dish` int(11) NOT NULL,
  `id_customer` int(11) NOT NULL
) ENGINE=InnoDB DEFAULT CHARSET=utf8;

--
-- Déchargement des données de la table `wishlist_item`
--

INSERT INTO `wishlist_item` (`id`, `id_dish`, `id_customer`) VALUES
(1, 1, 1),
(2, 3, 1),
(5, 1, 2),
(6, 3, 2),
(7, 1, 3),
(8, 3, 3),
(9, 1, 4),
(10, 3, 4),
(22, 4, 5),
(23, 22, 5),
(24, 54, 5),
(25, 5, 5);

--
-- Index pour les tables déchargées
--

--
-- Index pour la table `customer`
--
ALTER TABLE `customer`
  ADD PRIMARY KEY (`id`);

--
-- Index pour la table `discount`
--
ALTER TABLE `discount`
  ADD PRIMARY KEY (`id`);

--
-- Index pour la table `dishes`
--
ALTER TABLE `dishes`
  ADD PRIMARY KEY (`id`);

--
-- Index pour la table `dish_category`
--
ALTER TABLE `dish_category`
  ADD PRIMARY KEY (`id`);

--
-- Index pour la table `food_category`
--
ALTER TABLE `food_category`
  ADD PRIMARY KEY (`id`);

--
-- Index pour la table `message`
--
ALTER TABLE `message`
  ADD PRIMARY KEY (`id`);

--
-- Index pour la table `orders`
--
ALTER TABLE `orders`
  ADD PRIMARY KEY (`id`);

--
-- Index pour la table `order_item`
--
ALTER TABLE `order_item`
  ADD PRIMARY KEY (`id`);

--
-- Index pour la table `restaurants`
--
ALTER TABLE `restaurants`
  ADD PRIMARY KEY (`id`);

--
-- Index pour la table `wishlist_item`
--
ALTER TABLE `wishlist_item`
  ADD PRIMARY KEY (`id`);

--
-- AUTO_INCREMENT pour les tables déchargées
--

--
-- AUTO_INCREMENT pour la table `customer`
--
ALTER TABLE `customer`
  MODIFY `id` int(11) NOT NULL AUTO_INCREMENT, AUTO_INCREMENT=11;

--
-- AUTO_INCREMENT pour la table `dishes`
--
ALTER TABLE `dishes`
  MODIFY `id` int(11) NOT NULL AUTO_INCREMENT, AUTO_INCREMENT=59;

--
-- AUTO_INCREMENT pour la table `dish_category`
--
ALTER TABLE `dish_category`
  MODIFY `id` int(11) NOT NULL AUTO_INCREMENT, AUTO_INCREMENT=12;

--
-- AUTO_INCREMENT pour la table `food_category`
--
ALTER TABLE `food_category`
  MODIFY `id` int(11) NOT NULL AUTO_INCREMENT, AUTO_INCREMENT=7;

--
-- AUTO_INCREMENT pour la table `message`
--
ALTER TABLE `message`
  MODIFY `id` int(11) NOT NULL AUTO_INCREMENT;

--
-- AUTO_INCREMENT pour la table `orders`
--
ALTER TABLE `orders`
  MODIFY `id` int(11) NOT NULL AUTO_INCREMENT, AUTO_INCREMENT=100;

--
-- AUTO_INCREMENT pour la table `order_item`
--
ALTER TABLE `order_item`
  MODIFY `id` int(11) NOT NULL AUTO_INCREMENT, AUTO_INCREMENT=101;

--
-- AUTO_INCREMENT pour la table `restaurants`
--
ALTER TABLE `restaurants`
  MODIFY `id` int(11) NOT NULL AUTO_INCREMENT, AUTO_INCREMENT=58;

--
-- AUTO_INCREMENT pour la table `wishlist_item`
--
ALTER TABLE `wishlist_item`
  MODIFY `id` int(11) NOT NULL AUTO_INCREMENT, AUTO_INCREMENT=26;

/*!40101 SET CHARACTER_SET_CLIENT=@OLD_CHARACTER_SET_CLIENT */;
/*!40101 SET CHARACTER_SET_RESULTS=@OLD_CHARACTER_SET_RESULTS */;
/*!40101 SET COLLATION_CONNECTION=@OLD_COLLATION_CONNECTION */;
